Sample_Index,True_Label,Predictions
1,2,2
13,0,1
34,1,2
47,2,2
58,1,2
61,2,2
64,0,0
66,1,1
79,2,2
83,2,2
89,1,2
91,1,2
98,0,0
110,2,2
112,2,2
120,2,2
121,2,2
132,2,2
140,0,1
147,2,2
156,3,3
168,2,2
173,3,3
174,3,3
175,2,2
204,3,3
227,1,1
242,2,2
248,1,1
253,1,1
254,2,2
257,1,1
266,1,1
271,2,2
277,1,0
284,2,1
285,3,2
286,1,1
288,1,1
296,1,1
298,1,1
299,2,2
304,2,2
307,2,2
312,2,2
313,2,2
320,2,2
339,2,0
354,1,1
357,2,2
359,2,2
361,0,0
362,3,3
365,2,2
369,1,1
370,0,0
372,2,2
374,2,2
377,1,1
382,2,2
385,2,2
389,2,2
396,0,0
399,2,2
412,2,2
416,2,2
419,1,1
420,1,1
425,2,2
426,2,2
436,2,2
441,2,2
455,2,2
456,2,2
466,2,2
467,0,1
469,2,2
471,2,2
479,1,1
483,1,1
484,0,0
488,0,0
497,2,1
498,1,1
513,0,0
518,1,2
522,1,2
544,2,2
551,1,1
553,0,0
564,1,1
565,0,0
574,2,2
579,0,0
585,2,0
588,2,1
599,0,0
601,0,2
605,2,2
611,2,1
613,2,2
618,3,3
634,2,2
638,0,0
645,2,2
649,2,2
654,1,1
658,3,3
663,0,3
666,1,1
669,3,3
670,1,2
676,2,2
677,2,2
687,2,2
690,2,1
694,1,2
700,1,1
701,2,2
711,0,0
719,2,2
720,0,1
731,2,2
742,1,1
744,2,2
747,2,2
754,3,3
766,2,2
768,0,1
772,3,3
776,1,1
779,1,2
780,1,1
782,1,1
791,1,1
796,2,2
800,1,1
805,1,1
807,1,1
830,1,1
840,2,2
843,2,2
845,2,2
847,1,1
849,2,2
852,1,1
864,1,1
871,2,2
875,2,2
885,0,2
886,2,2
889,1,1
892,3,3
901,2,1
906,2,2
908,1,2
914,1,1
916,1,1
920,2,2
922,1,1
924,3,1
934,3,3
941,0,0
946,1,1
949,2,2
950,2,2
958,2,1
960,2,2
962,0,0
965,0,2
966,2,2
968,2,2
974,1,1
980,2,2
982,2,2
985,2,2
988,1,1
992,1,1
998,2,2
1001,2,2
1002,2,2
1006,2,1
1007,2,2
1010,1,1
1011,2,2
1024,2,2
1028,1,1
1035,0,0
1047,3,2
1057,0,1
1059,1,1
1064,1,1
1065,2,2
1070,2,2
1071,1,1
1084,2,2
1086,2,1
1094,2,2
1099,2,2
1100,2,2
1106,0,2
1110,2,2
1119,2,2
1122,1,1
1126,1,1
1129,2,2
1133,2,2
1138,1,1
1139,2,2
1141,2,2
1143,2,2
1148,1,1
1149,0,0
1160,1,1
1167,2,2
1168,1,1
1169,2,2
1177,0,0
1182,0,0
1185,2,2
1187,2,2
1193,2,2
1196,2,2
1199,2,0
1203,0,0
1205,0,0
1221,2,2
1226,2,2
1232,2,2
1241,1,2
1247,2,2
1252,3,3
1261,0,0
1266,2,2
1270,1,1
1273,2,2
1279,2,2
1282,0,0
1292,2,2
1293,0,1
1298,2,2
1303,2,2
1304,0,1
1315,2,2
1316,0,0
1325,2,1
1333,1,1
1336,2,2
1337,2,2
1346,0,0
1352,1,2
1353,1,1
1357,2,2
1359,2,2
1360,2,2
1364,2,2
1371,2,2
1375,2,2
1384,2,2
1386,0,2
1406,2,2
1411,2,2
1416,0,0
1417,0,0
1421,2,2
1428,2,2
1432,1,2
1437,2,2
1445,0,0
1452,1,1
1454,2,2
1464,2,0
1465,2,2
1466,0,0
1474,1,1
1475,1,1
1479,2,1
1487,0,0
1488,2,2
1489,2,2
1492,1,1
1494,2,2
1508,2,2
1510,0,2
1514,3,3
1519,2,2
1528,2,2
1535,0,0
1536,1,1
1537,1,1
1541,0,0
1543,2,2
1545,1,2
1546,2,2
1549,1,1
1554,1,1
1558,1,1
1560,1,1
1570,2,2
1571,1,1
1572,1,1
1577,1,0
1579,3,2
1582,1,1
1587,2,0
1588,2,1
1602,2,1
1611,2,2
1612,2,2
1629,2,1
1637,2,2
1641,2,2
1642,1,2
1645,1,1
1654,2,2
1658,2,2
1664,1,1
1665,2,2
1669,2,1
1674,1,1
1677,1,1
1680,1,1
1689,2,2
1694,1,2
1699,1,1
1701,0,0
1705,2,2
1709,0,2
1723,1,1
1732,1,1
1740,1,1
1741,0,0
1743,2,2
1748,2,2
1751,1,1
1754,2,2
1755,1,1
1756,0,0
1776,1,1
1789,2,2
1805,2,2
1812,0,0
1820,2,2
1822,0,0
1827,1,2
1830,0,0
1842,1,2
1849,1,1
1851,1,2
1853,1,1
1854,2,2
1857,1,1
1860,2,2
1861,1,1
1863,0,0
1868,2,2
1871,2,1
1874,1,1
1880,1,1
1888,2,1
1890,2,2
1891,1,1
1894,1,1
1900,2,1
1901,1,2
1903,2,2
1905,2,2
1913,0,0
1916,1,1
1922,0,1
1925,2,2
1928,1,1
1934,0,1
1935,2,2
1936,2,2
1937,1,1
1938,1,1
1947,0,2
1950,1,1
1952,1,1
1953,0,0
1959,3,3
1962,0,0
1966,0,0
1971,3,3
1982,2,2
1984,3,3
1985,0,0
1987,3,2
1990,2,2
1992,0,1
1998,1,1
1999,2,2
2002,2,2
2003,1,1
2005,3,3
2011,1,1
2013,2,2
2023,2,2
2026,2,2
2033,1,2
2039,2,1
2041,2,2
2045,2,1
2047,2,1
2053,2,1
2065,2,2
2067,2,2
2072,2,2
2074,2,2
2080,2,2
2083,0,0
2087,2,2
2090,2,2
2092,1,1
2094,1,1
2110,1,1
2112,0,2
2124,2,2
2141,0,0
2142,1,0
2148,1,2
2149,2,2
2150,0,0
2155,0,0
2156,3,3
2161,2,2
2164,0,0
2166,2,2
2167,2,2
2168,2,2
2175,0,1
2177,2,2
2180,2,2
2183,2,2
2185,1,1
2187,2,2
2188,1,1
2193,2,2
2196,0,0
2204,2,2
2206,2,2
2216,2,2
2224,2,2
2225,0,2
2234,2,2
2244,2,2
2249,3,3
2255,1,1
2256,0,0
2257,2,2
2259,3,3
2268,0,0
2269,2,2
2271,0,2
2275,1,1
2278,1,1
2281,1,1
2284,2,2
2289,0,1
2290,2,2
2293,1,1
2296,1,2
2299,2,2
2304,2,2
2307,0,0
2308,2,2
2310,3,2
2313,0,0
2317,2,2
2322,1,1
2329,2,2
2331,1,1
2334,3,1
2342,1,1
2349,3,3
2353,0,0
2359,2,2
2362,2,2
2369,2,2
2385,1,2
2389,2,2
2407,0,0
2412,2,2
2417,2,2
2421,3,3
2425,2,2
2426,1,1
2430,1,1
2436,0,0
2447,2,2
2456,1,1
2462,2,2
2464,2,2
2471,2,2
2472,2,2
2474,3,1
2475,3,3
2481,0,1
2486,0,0
5,0,0
6,2,2
7,2,2
14,2,2
15,2,2
19,1,1
22,2,2
38,0,0
42,2,2
44,1,1
49,1,1
57,2,2
59,3,3
60,3,3
69,0,0
74,3,3
80,2,2
84,0,0
92,1,1
96,1,1
97,1,1
99,3,3
101,0,2
102,2,2
119,1,1
130,1,1
137,2,2
139,1,1
145,1,1
148,0,2
150,2,2
153,2,2
166,2,2
176,0,2
179,1,1
182,0,0
184,2,1
185,1,1
186,0,0
187,2,2
191,3,2
195,2,2
200,1,1
201,1,2
210,0,0
214,2,2
216,1,1
218,2,2
222,2,2
230,2,2
240,0,2
241,2,2
256,0,2
258,2,2
263,2,2
274,2,2
279,0,0
281,2,2
282,2,1
293,2,2
300,2,0
301,2,2
314,2,2
316,2,2
317,2,2
322,1,1
327,2,2
329,0,1
337,2,2
349,2,2
358,2,2
363,3,3
366,1,1
367,1,1
368,2,2
371,2,2
375,2,1
376,1,1
378,2,2
379,0,2
381,2,2
402,0,0
403,2,2
404,0,0
410,0,2
417,1,1
430,2,2
442,2,2
447,1,1
450,2,2
470,2,2
472,2,2
481,3,3
482,0,0
487,2,2
489,2,2
494,1,1
499,2,2
501,1,1
504,1,1
505,1,1
512,0,0
520,2,2
529,2,2
530,1,1
531,2,2
533,1,1
534,2,2
537,1,1
539,3,2
541,0,0
546,1,1
547,1,1
555,3,3
556,2,2
557,0,1
560,0,1
572,2,2
577,1,1
583,1,2
584,0,0
586,2,2
593,2,2
596,1,1
607,3,3
612,2,2
617,0,2
625,1,1
628,2,2
629,0,0
631,0,1
637,1,1
639,2,2
642,2,2
643,1,1
647,2,2
650,1,1
652,0,0
656,1,1
657,0,0
665,1,1
668,2,2
688,2,2
691,2,2
692,1,2
698,2,2
712,0,0
713,1,1
722,2,2
727,0,2
730,2,2
736,1,1
737,1,1
743,2,2
745,2,2
746,1,2
753,2,2
761,2,2
762,2,0
763,2,1
777,1,1
785,2,2
808,1,1
812,1,1
816,2,2
819,1,1
821,2,2
823,1,1
826,1,1
828,2,2
831,2,2
833,2,2
834,1,1
842,1,1
850,1,1
853,1,0
855,3,3
856,0,0
858,2,2
859,2,2
861,2,2
874,0,0
876,2,2
877,2,2
883,1,1
887,1,2
897,2,2
898,2,2
899,2,2
904,2,2
915,1,1
917,1,1
918,2,2
919,2,2
925,2,1
926,2,2
927,0,0
930,1,1
945,1,1
948,2,2
951,1,1
952,1,1
961,0,0
983,1,1
1004,2,2
1008,3,3
1019,1,1
1029,3,3
1032,1,1
1039,1,2
1046,2,2
1051,1,1
1052,2,2
1054,2,2
1056,2,2
1058,2,1
1060,0,0
1061,0,1
1067,2,1
1068,0,0
1075,1,1
1076,0,0
1077,1,1
1079,1,1
1082,1,1
1095,2,2
1098,0,0
1109,2,2
1113,1,1
1120,1,1
1123,2,1
1125,2,2
1128,0,0
1132,2,1
1136,2,2
1145,2,2
1150,2,2
1151,2,2
1154,2,2
1155,0,0
1159,2,2
1166,0,0
1178,2,2
1192,3,3
1194,2,2
1195,0,0
1201,2,2
1215,2,2
1219,2,2
1222,2,2
1227,1,2
1229,2,2
1231,2,2
1235,1,1
1237,0,1
1238,2,2
1240,2,2
1242,1,2
1244,2,2
1245,2,2
1257,2,1
1259,2,1
1263,2,2
1264,1,1
1271,3,3
1277,1,1
1281,0,0
1284,2,2
1285,2,2
1287,2,2
1290,2,2
1299,3,3
1310,2,2
1312,2,2
1319,0,0
1324,3,3
1327,2,2
1345,2,2
1350,3,3
1351,1,1
1354,1,1
1355,0,0
1361,1,2
1362,2,2
1368,0,0
1374,2,2
1378,2,2
1385,2,2
1391,2,2
1397,2,3
1401,1,1
1415,2,2
1419,2,2
1424,2,2
1436,0,0
1440,0,0
1450,2,2
1456,2,1
1458,2,2
1460,3,3
1462,2,2
1468,2,2
1495,0,0
1502,2,2
1504,2,2
1511,1,1
1513,3,0
1523,1,1
1524,2,3
1534,3,3
1539,2,1
1542,1,1
1547,2,2
1548,1,1
1563,2,2
1564,1,1
1565,1,1
1566,2,2
1574,2,2
1581,1,1
1590,2,2
1591,2,2
1593,0,0
1594,0,0
1598,0,0
1603,0,1
1607,1,1
1609,3,3
1613,2,2
1614,1,1
1616,0,0
1618,1,1
1620,2,2
1622,2,2
1624,0,0
1627,2,2
1628,2,1
1631,0,0
1632,0,2
1634,2,2
1644,1,0
1651,1,1
1655,2,2
1657,0,0
1667,3,3
1675,2,1
1681,2,1
1683,2,2
1687,2,2
1693,2,2
1695,2,2
1700,2,2
1706,2,2
1708,2,2
1710,2,2
1725,0,0
1730,1,1
1731,1,1
1734,2,2
1747,2,2
1761,2,2
1762,2,2
1766,1,1
1770,2,2
1777,0,0
1782,0,0
1798,1,1
1799,2,2
1801,2,2
1803,1,1
1807,2,2
1825,2,2
1828,1,2
1829,2,2
1831,2,2
1835,2,2
1839,0,0
1841,2,2
1846,1,1
1865,2,2
1877,0,0
1878,1,1
1881,1,1
1885,1,1
1887,1,1
1889,1,1
1895,0,0
1904,1,1
1912,2,2
1914,1,1
1915,2,2
1920,2,2
1929,1,1
1931,1,2
1932,2,2
1946,2,2
1948,0,1
1954,0,0
1963,1,1
1964,0,0
1968,2,2
1981,2,2
1986,3,3
1989,2,0
2000,2,2
2004,1,2
2008,0,0
2009,1,1
2012,0,1
2018,3,3
2028,0,2
2029,2,2
2031,2,2
2034,0,0
2043,3,3
2046,2,2
2048,2,2
2054,1,1
2056,2,2
2058,2,1
2061,0,0
2064,1,2
2070,0,0
2078,1,1
2084,2,1
2091,2,2
2098,3,3
2099,2,2
2105,1,2
2107,0,2
2109,1,1
2123,2,2
2125,1,1
2126,2,2
2147,1,2
2160,1,1
2173,1,1
2176,1,1
2182,1,1
2184,2,2
2191,2,2
2192,2,2
2201,1,1
2205,1,1
2222,1,0
2223,2,2
2227,2,1
2231,2,2
2232,0,0
2237,2,2
2239,2,2
2240,2,1
2242,0,0
2246,0,0
2247,0,2
2250,2,2
2266,1,1
2286,1,0
2292,1,1
2298,3,3
2302,2,2
2312,2,2
2316,2,2
2319,2,2
2321,2,2
2323,3,3
2326,2,2
2333,2,2
2344,1,1
2356,2,1
2364,1,1
2368,2,2
2370,0,2
2371,1,1
2377,2,2
2381,2,1
2384,3,3
2388,1,1
2390,2,2
2392,1,1
2394,3,3
2396,1,1
2403,2,2
2404,2,2
2405,1,1
2406,0,2
2408,2,2
2413,1,2
2416,0,0
2427,3,2
2429,2,2
2433,0,2
2439,2,2
2449,2,2
2451,1,1
2465,1,1
2478,1,1
2482,2,2
2483,1,1
2489,2,2
0,2,2
2,3,3
12,1,1
16,1,1
17,1,1
24,1,0
26,1,1
28,2,2
30,0,0
31,2,2
35,2,2
36,2,2
37,0,0
45,1,1
50,2,2
52,0,0
54,1,1
63,3,3
65,0,2
72,1,2
88,1,1
90,2,1
94,2,2
95,0,0
100,1,1
103,2,2
105,2,2
111,0,0
114,2,2
118,1,1
125,2,2
128,2,2
135,2,2
138,1,1
151,0,0
152,0,0
158,3,3
160,2,2
171,2,0
172,0,2
180,1,2
188,0,0
190,1,1
192,2,3
199,2,2
202,1,1
205,1,1
208,1,1
209,0,0
223,2,2
231,1,1
234,0,0
238,2,2
244,3,3
245,0,0
250,1,1
251,2,2
259,2,2
260,0,1
267,2,2
270,2,2
276,1,1
278,2,2
283,1,2
289,2,2
330,1,0
331,2,2
332,2,2
340,0,0
341,2,2
342,0,2
345,1,1
348,2,2
360,2,3
364,1,1
373,2,1
380,2,2
388,2,2
392,1,1
393,2,2
394,1,1
409,0,0
411,2,2
414,2,1
422,2,2
424,2,2
427,2,2
443,0,0
446,2,2
449,2,2
451,2,2
457,1,0
459,2,2
460,1,2
461,2,2
462,2,2
473,3,3
474,1,1
490,1,1
493,2,2
500,0,0
503,2,2
510,2,2
514,2,2
515,2,2
521,2,2
524,1,1
526,0,0
527,2,2
536,1,1
538,2,2
548,2,2
549,3,3
552,2,2
554,0,0
562,1,1
566,1,1
568,2,2
573,1,1
576,2,2
581,3,3
582,3,3
587,3,3
592,1,2
595,2,2
598,1,0
603,1,1
608,0,2
610,2,3
614,2,2
623,2,2
627,2,2
630,2,2
632,2,2
636,3,3
640,2,2
644,0,0
646,1,1
659,3,3
661,2,2
667,2,2
672,1,1
673,0,0
674,3,2
681,0,0
685,2,2
702,2,0
704,2,2
706,2,2
708,1,1
721,1,1
729,2,2
738,2,2
748,2,2
749,2,2
750,0,1
751,0,0
752,2,2
764,1,1
767,0,0
771,1,1
778,2,2
784,3,3
786,1,1
794,2,2
798,2,2
802,1,1
804,2,2
809,2,2
815,2,2
820,1,2
822,0,0
824,0,0
827,0,1
829,2,2
844,2,2
846,2,2
851,0,0
854,3,2
866,2,2
867,2,2
888,2,2
895,2,2
900,3,3
931,1,1
932,2,2
935,2,2
936,0,0
938,2,2
940,0,0
953,1,1
955,3,2
959,2,2
963,2,2
964,1,1
967,2,2
969,3,3
970,2,2
971,2,2
990,2,2
991,1,1
994,2,2
1000,2,2
1003,1,1
1005,0,0
1009,0,0
1012,2,1
1015,0,2
1016,1,0
1018,2,2
1020,2,2
1021,1,1
1022,2,2
1023,3,3
1031,1,1
1037,2,2
1044,2,2
1045,1,1
1049,0,0
1053,1,1
1073,3,3
1087,2,2
1089,2,2
1091,1,1
1097,1,1
1101,2,2
1103,2,1
1105,1,1
1108,1,1
1115,2,2
1117,1,1
1127,0,2
1134,1,1
1135,0,0
1140,2,2
1142,0,0
1146,1,1
1147,0,0
1152,3,3
1165,2,2
1176,2,2
1180,1,2
1183,1,1
1184,0,1
1186,2,2
1188,2,2
1191,2,2
1206,2,1
1207,3,3
1208,2,2
1209,0,0
1211,2,2
1212,0,0
1214,2,2
1217,3,3
1218,2,1
1220,2,2
1224,0,0
1225,2,2
1230,1,1
1248,0,0
1256,1,1
1260,2,2
1262,1,1
1269,0,0
1272,1,1
1300,0,0
1301,1,2
1307,1,2
1317,1,1
1320,2,0
1322,2,2
1330,2,2
1331,2,2
1334,2,2
1335,2,2
1348,1,1
1356,1,1
1358,2,2
1363,1,2
1365,1,1
1366,2,2
1367,2,2
1388,0,0
1389,0,2
1395,2,2
1396,2,2
1398,2,2
1404,1,1
1405,2,2
1407,1,1
1414,2,2
1420,1,1
1426,1,1
1427,2,2
1429,2,2
1430,2,2
1431,3,3
1435,1,2
1439,2,2
1441,3,3
1444,2,2
1446,2,2
1448,1,1
1467,2,2
1472,3,3
1481,2,2
1485,2,2
1486,1,1
1491,2,2
1496,2,2
1499,2,2
1500,3,3
1507,2,2
1520,0,2
1529,0,0
1532,2,2
1544,2,2
1578,2,1
1586,0,0
1596,2,2
1605,2,2
1610,3,3
1615,1,1
1625,2,2
1636,1,1
1638,2,2
1640,0,0
1649,2,2
1650,2,2
1656,0,1
1659,2,2
1660,0,0
1661,1,1
1663,2,2
1670,2,2
1671,1,1
1672,2,2
1673,0,0
1682,1,2
1691,2,2
1692,2,2
1696,2,2
1707,2,2
1715,3,3
1717,2,2
1719,2,2
1721,2,2
1724,2,2
1726,2,2
1733,1,1
1742,2,2
1744,1,1
1745,2,2
1746,2,2
1760,2,2
1768,0,2
1771,1,1
1772,2,1
1775,2,2
1791,1,2
1794,0,0
1796,1,1
1797,2,2
1800,0,0
1813,2,1
1814,2,2
1816,1,1
1817,2,2
1818,2,2
1819,2,2
1821,2,0
1826,1,2
1833,1,1
1837,1,1
1840,0,0
1845,2,2
1855,1,1
1856,2,2
1867,2,2
1870,1,1
1892,0,2
1893,2,2
1897,2,2
1898,1,1
1899,2,2
1906,2,2
1908,2,2
1911,2,2
1917,2,2
1923,0,0
1927,1,1
1933,0,1
1941,2,1
1942,2,2
1945,3,2
1949,2,2
1972,2,1
1975,1,1
1978,0,0
1983,2,2
1988,2,2
1991,1,1
1993,1,1
2016,2,2
2027,1,1
2030,0,0
2035,1,1
2038,1,1
2042,1,0
2052,1,1
2055,1,1
2057,1,2
2069,0,0
2071,2,2
2076,0,0
2079,1,1
2088,0,1
2097,2,2
2108,0,0
2113,0,0
2120,0,0
2129,1,1
2131,2,2
2132,1,1
2133,1,1
2137,1,1
2138,0,0
2143,2,2
2146,2,2
2154,2,1
2165,1,1
2169,0,0
2174,0,0
2179,1,1
2189,2,2
2190,2,2
2200,2,2
2209,2,2
2212,2,2
2226,1,1
2228,2,2
2233,1,1
2236,2,2
2238,2,2
2243,1,1
2245,1,1
2248,1,1
2252,0,1
2254,0,0
2283,2,2
2288,2,2
2294,0,0
2301,0,0
2303,1,2
2311,2,1
2328,1,1
2330,2,2
2336,2,2
2340,0,2
2351,1,0
2352,0,1
2355,0,0
2360,1,1
2363,2,2
2366,1,2
2367,2,2
2372,1,1
2373,1,1
2376,1,1
2380,1,1
2387,1,0
2393,3,3
2395,1,1
2398,3,3
2399,1,1
2400,1,1
2418,3,3
2422,2,2
2424,2,2
2431,2,2
2432,2,2
2434,2,2
2435,2,2
2437,2,1
2438,1,1
2441,1,1
2443,2,1
2457,1,1
2466,1,1
2468,0,0
2469,2,2
2476,0,0
2477,2,2
2480,2,2
2484,2,2
2488,2,2
2491,1,1
2497,2,2
2499,2,2
3,1,2
9,0,0
10,2,2
11,1,1
18,3,3
25,2,1
29,2,2
32,2,2
39,1,2
43,1,1
46,2,1
51,2,2
53,2,2
70,2,2
75,3,3
77,1,1
78,1,2
82,2,2
85,1,1
87,1,1
106,1,1
107,2,2
108,0,0
113,1,1
116,1,1
124,2,2
129,0,0
131,1,1
133,1,1
141,2,2
142,2,2
143,1,1
144,0,2
149,2,2
155,3,3
161,2,2
162,1,2
178,0,1
181,3,2
194,0,0
198,2,2
213,2,2
217,2,2
220,0,0
232,2,2
233,2,2
235,1,1
236,0,0
243,0,0
246,2,2
252,3,3
255,1,1
261,0,0
262,1,2
264,3,3
269,0,0
273,1,1
275,1,1
291,1,1
292,2,2
302,3,3
310,3,3
318,2,2
319,1,1
323,2,2
326,1,1
328,1,1
334,1,1
335,2,2
344,2,2
347,2,2
351,1,1
352,2,1
387,1,1
395,2,2
398,2,2
400,2,2
401,0,0
406,0,2
408,0,0
415,1,1
421,2,2
423,0,0
432,2,2
435,0,0
437,2,2
438,1,1
439,2,2
448,2,2
452,2,2
458,1,2
463,1,1
468,2,1
477,2,2
478,2,2
480,1,2
485,2,2
491,2,2
492,0,1
495,2,2
496,2,2
502,2,2
506,0,0
507,1,1
508,0,0
509,2,2
511,2,2
519,2,2
528,1,2
532,0,0
535,0,0
540,1,1
542,1,2
545,2,1
550,2,2
561,2,2
571,2,2
578,2,0
591,0,0
594,1,1
609,1,0
615,1,2
619,2,2
620,3,3
621,2,2
622,3,3
635,2,2
648,2,1
653,2,2
671,1,1
678,2,2
680,2,2
682,2,2
686,2,2
689,1,1
695,0,0
697,2,2
703,2,2
709,0,0
710,1,1
715,1,1
723,1,2
724,2,2
726,2,2
735,1,1
739,1,1
740,2,2
741,1,2
755,1,2
756,3,3
760,2,2
770,2,2
773,1,1
774,1,1
781,2,2
783,0,0
787,2,2
793,1,1
806,1,1
810,0,0
813,1,1
814,2,1
817,1,1
825,2,1
832,0,1
835,2,2
838,2,2
841,1,1
848,2,2
857,2,2
860,3,2
862,1,2
863,0,1
865,1,1
868,0,0
872,2,2
878,1,1
879,0,0
884,3,2
890,2,2
894,2,2
896,3,3
907,1,1
909,1,1
911,2,1
912,2,2
923,2,2
933,0,0
937,0,0
942,1,2
944,2,2
954,2,2
956,1,1
957,1,2
972,1,2
976,2,2
977,3,3
978,2,2
981,0,0
984,1,1
987,2,1
989,2,1
993,0,0
995,1,1
996,2,2
997,2,2
999,0,0
1017,1,1
1026,1,1
1027,0,0
1033,2,2
1038,2,2
1040,1,1
1041,2,2
1048,2,2
1055,2,2
1062,1,1
1074,0,2
1078,0,1
1080,1,1
1083,0,0
1085,2,2
1088,1,1
1092,0,0
1096,3,3
1102,1,1
1104,2,3
1107,3,3
1111,2,2
1116,2,2
1118,0,0
1121,0,2
1124,0,0
1131,2,1
1137,2,2
1144,1,2
1161,0,0
1164,0,0
1171,1,2
1172,2,2
1173,2,2
1174,2,2
1179,2,0
1181,1,1
1190,1,1
1197,1,1
1200,2,2
1202,0,0
1216,0,2
1228,2,2
1233,2,2
1243,0,0
1246,0,0
1250,2,2
1258,2,2
1268,0,2
1274,0,0
1276,3,3
1278,2,2
1280,2,2
1286,3,3
1294,2,2
1296,2,2
1297,0,0
1305,2,2
1309,1,1
1313,2,2
1323,2,1
1326,1,2
1338,2,1
1339,2,2
1340,1,1
1343,1,1
1344,0,0
1347,1,2
1349,2,2
1369,2,2
1370,2,2
1373,2,2
1376,2,2
1377,2,2
1381,1,1
1382,1,1
1387,1,1
1399,2,2
1400,2,2
1403,1,1
1408,2,2
1409,3,3
1410,2,2
1412,1,1
1413,1,1
1422,0,0
1423,0,0
1434,2,2
1438,2,2
1442,1,1
1451,0,2
1455,3,3
1463,0,0
1469,2,2
1470,1,1
1473,0,0
1476,0,0
1478,2,2
1483,1,2
1490,2,2
1493,2,2
1498,1,1
1501,1,1
1509,1,1
1516,2,1
1517,0,0
1518,1,1
1522,2,3
1526,3,3
1540,1,1
1552,2,2
1559,2,2
1561,2,2
1568,2,2
1575,2,2
1580,2,2
1583,1,1
1584,1,1
1597,1,0
1601,2,2
1608,1,1
1617,0,0
1619,2,2
1621,1,1
1643,3,0
1648,3,2
1652,1,1
1653,1,1
1668,2,2
1676,3,3
1684,1,0
1686,2,2
1688,2,2
1690,0,0
1697,2,2
1698,1,1
1702,1,1
1711,2,2
1714,2,2
1716,2,2
1718,2,2
1720,2,1
1728,2,2
1729,0,0
1737,0,0
1739,2,2
1753,1,1
1757,0,0
1763,2,2
1765,0,0
1767,2,2
1769,2,1
1784,2,2
1786,1,1
1788,2,2
1790,1,1
1792,2,2
1795,2,2
1802,1,1
1809,2,2
1811,0,1
1824,1,1
1836,2,2
1843,2,2
1847,2,2
1852,0,0
1862,3,3
1864,2,2
1866,1,1
1869,1,1
1873,2,2
1875,0,0
1876,2,1
1879,2,2
1882,2,2
1907,2,2
1910,1,1
1918,2,2
1921,0,2
1926,2,2
1930,1,2
1939,2,2
1955,1,1
1961,0,0
1969,2,2
1970,2,2
1979,1,1
1994,1,1
2001,2,2
2006,2,2
2007,1,0
2010,1,1
2014,2,3
2015,3,3
2019,2,2
2024,2,2
2025,2,2
2050,1,1
2051,2,2
2060,1,2
2062,0,0
2063,2,2
2066,2,2
2075,2,2
2081,2,1
2086,0,2
2095,1,1
2096,0,2
2103,1,1
2104,2,2
2106,2,2
2111,2,1
2114,0,1
2115,2,1
2116,0,1
2117,2,1
2119,2,2
2121,2,2
2122,2,2
2128,1,1
2130,2,2
2134,2,2
2139,2,0
2153,2,2
2159,0,0
2170,1,1
2171,2,2
2172,2,2
2186,0,0
2197,0,0
2199,2,2
2202,2,2
2203,2,2
2207,2,2
2208,3,2
2210,2,2
2211,2,2
2214,1,1
2215,3,2
2217,1,1
2218,2,2
2219,1,1
2230,1,1
2241,2,2
2253,2,2
2260,2,2
2263,3,3
2270,2,2
2276,0,0
2282,2,2
2285,2,2
2287,1,1
2291,2,2
2295,2,2
2297,0,0
2300,1,1
2318,2,2
2325,2,2
2335,2,1
2337,2,2
2338,2,2
2339,2,2
2341,0,0
2350,2,2
2354,0,2
2365,2,2
2378,2,2
2391,2,2
2402,1,1
2409,2,2
2414,2,3
2415,1,1
2419,0,1
2420,2,2
2423,1,1
2428,1,1
2440,2,2
2445,2,2
2448,2,2
2450,3,3
2452,2,2
2454,1,1
2459,0,2
2461,1,2
2463,2,2
2467,2,2
2470,2,0
2473,1,1
2487,1,0
2493,2,2
2494,0,0
2495,1,1
2496,2,1
4,3,3
8,2,2
20,1,2
21,0,1
23,2,2
27,2,2
33,1,1
40,1,1
41,2,2
48,3,3
55,2,3
56,2,2
62,2,2
67,2,2
68,1,1
71,2,2
73,0,0
76,0,0
81,2,2
86,0,1
93,2,2
104,3,3
109,1,1
115,2,2
117,2,2
122,0,0
123,2,2
126,0,0
127,2,2
134,0,0
136,3,3
146,1,1
154,2,1
157,2,2
159,2,2
163,2,2
164,2,3
165,2,0
167,2,2
169,1,1
170,1,1
177,1,1
183,2,2
189,2,2
193,2,2
196,1,1
197,0,2
203,2,2
206,2,2
207,2,2
211,0,0
212,0,0
215,3,3
219,1,1
221,1,1
224,1,1
225,1,1
226,2,2
228,2,2
229,2,1
237,2,2
239,2,2
247,1,1
249,0,2
265,2,2
268,2,2
272,1,1
280,3,3
287,2,2
290,2,2
294,2,2
295,0,0
297,1,1
303,2,2
305,2,1
306,2,2
308,1,1
309,2,2
311,0,0
315,2,2
321,2,2
324,2,2
325,1,1
333,0,2
336,2,2
338,2,2
343,1,1
346,1,1
350,2,2
353,0,0
355,2,2
356,2,2
383,1,1
384,0,2
386,1,1
390,1,1
391,2,2
397,0,0
405,0,0
407,1,1
413,2,2
418,2,0
428,2,2
429,1,2
431,1,1
433,2,2
434,2,2
440,2,2
444,0,0
445,1,1
453,2,1
454,2,2
464,2,2
465,0,2
475,0,0
476,0,0
486,2,2
516,3,3
517,2,2
523,2,2
525,2,2
543,2,2
558,1,1
559,0,2
563,2,1
567,0,1
569,2,2
570,1,1
575,1,2
580,2,1
589,2,2
590,0,0
597,3,3
600,2,2
602,2,2
604,2,0
606,1,1
616,2,2
624,2,2
626,2,2
633,0,2
641,2,2
651,1,2
655,0,0
660,1,2
662,2,2
664,2,2
675,2,1
679,2,2
683,2,2
684,2,2
693,0,0
696,1,1
699,2,2
705,2,2
707,0,2
714,2,2
716,2,2
717,2,2
718,0,0
725,2,2
728,0,2
732,2,2
733,3,3
734,0,0
757,2,2
758,0,0
759,2,2
765,2,2
769,1,2
775,1,2
788,0,0
789,1,1
790,2,2
792,2,2
795,1,1
797,2,2
799,2,2
801,2,2
803,2,2
811,2,2
818,2,2
836,2,0
837,0,0
839,2,2
869,2,2
870,2,2
873,2,2
880,1,2
881,2,1
882,3,3
891,2,0
893,0,0
902,1,2
903,2,2
905,0,0
910,0,0
913,1,1
921,0,0
928,2,2
929,0,0
939,2,2
943,1,1
947,1,2
973,1,1
975,0,0
979,2,2
986,1,1
1013,1,1
1014,0,2
1025,1,1
1030,2,2
1034,1,1
1036,1,1
1042,0,0
1043,1,2
1050,2,2
1063,0,0
1066,0,0
1069,2,2
1072,2,2
1081,3,3
1090,1,2
1093,2,2
1112,1,1
1114,2,2
1130,2,2
1153,3,3
1156,2,2
1157,1,1
1158,0,0
1162,2,2
1163,0,0
1170,1,1
1175,2,2
1189,2,1
1198,1,1
1204,1,1
1210,1,1
1213,1,1
1223,1,2
1234,3,0
1236,2,2
1239,0,0
1249,2,2
1251,3,3
1253,2,2
1254,1,1
1255,0,1
1265,1,1
1267,2,2
1275,2,2
1283,1,2
1288,1,1
1289,1,2
1291,3,3
1295,1,2
1302,2,2
1306,0,2
1308,2,1
1311,3,3
1314,1,1
1318,2,2
1321,1,1
1328,1,1
1329,0,1
1332,1,1
1341,3,3
1342,2,2
1372,0,0
1379,2,2
1380,1,1
1383,1,0
1390,2,2
1392,2,2
1393,2,2
1394,1,1
1402,2,2
1418,3,3
1425,1,1
1433,2,2
1443,1,1
1447,0,0
1449,1,1
1453,0,0
1457,2,2
1459,2,2
1461,2,2
1471,2,2
1477,2,2
1480,2,2
1482,1,1
1484,1,1
1497,0,0
1503,0,0
1505,1,1
1506,2,2
1512,2,2
1515,2,1
1521,1,1
1525,1,1
1527,1,1
1530,1,1
1531,2,2
1533,1,1
1538,0,2
1550,0,2
1551,2,2
1553,2,2
1555,0,2
1556,2,2
1557,2,2
1562,1,1
1567,1,1
1569,3,3
1573,2,1
1576,1,1
1585,1,1
1589,1,1
1592,1,1
1595,1,1
1599,2,2
1600,2,2
1604,1,2
1606,0,2
1623,2,2
1626,2,2
1630,1,2
1633,2,2
1635,1,1
1639,3,3
1646,1,1
1647,2,2
1662,2,2
1666,1,1
1678,0,0
1679,2,2
1685,2,2
1703,2,2
1704,2,2
1712,2,2
1713,2,2
1722,0,0
1727,1,1
1735,2,2
1736,1,1
1738,1,1
1749,2,2
1750,2,2
1752,0,0
1758,1,1
1759,0,0
1764,2,2
1773,3,3
1774,1,2
1778,1,1
1779,3,2
1780,0,0
1781,2,2
1783,2,2
1785,2,2
1787,0,2
1793,1,1
1804,2,2
1806,2,2
1808,2,2
1810,2,2
1815,1,1
1823,2,2
1832,2,3
1834,3,0
1838,3,0
1844,1,1
1848,2,0
1850,1,1
1858,1,1
1859,2,1
1872,2,2
1883,0,2
1884,2,2
1886,2,2
1896,1,1
1902,0,0
1909,2,2
1919,2,2
1924,2,2
1940,2,2
1943,0,0
1944,1,2
1951,2,2
1956,0,2
1957,2,2
1958,2,2
1960,2,2
1965,1,1
1967,2,2
1973,3,3
1974,3,3
1976,1,1
1977,2,2
1980,1,1
1995,2,2
1996,1,2
1997,1,1
2017,1,1
2020,2,2
2021,3,3
2022,2,2
2032,2,2
2036,2,2
2037,2,2
2040,0,0
2044,0,2
2049,2,2
2059,1,1
2068,1,1
2073,0,2
2077,2,2
2082,1,1
2085,3,3
2089,2,2
2093,1,1
2100,1,2
2101,0,0
2102,2,2
2118,0,0
2127,0,0
2135,2,2
2136,3,3
2140,1,1
2144,3,3
2145,2,2
2151,2,2
2152,2,0
2157,2,1
2158,2,2
2162,2,2
2163,2,2
2178,1,1
2181,2,1
2194,0,2
2195,1,2
2198,2,2
2213,2,2
2220,1,2
2221,2,2
2229,2,2
2235,2,2
2251,1,1
2258,1,1
2261,2,2
2262,1,1
2264,0,0
2265,1,1
2267,1,2
2272,2,1
2273,2,1
2274,2,2
2277,2,2
2279,1,1
2280,0,1
2305,1,1
2306,0,0
2309,2,2
2314,0,0
2315,3,1
2320,2,2
2324,1,1
2327,2,1
2332,1,1
2343,0,0
2345,2,1
2346,2,2
2347,2,1
2348,2,2
2357,1,1
2358,1,1
2361,1,2
2374,0,0
2375,2,1
2379,2,2
2382,3,3
2383,0,1
2386,1,1
2397,2,2
2401,2,2
2410,2,2
2411,2,2
2442,2,2
2444,1,1
2446,2,2
2453,0,0
2455,0,0
2458,2,2
2460,1,1
2479,1,1
2485,2,2
2490,2,2
2492,1,1
2498,1,1
